!cs:95,0,0,20,0578,00ee,0579,05a8,0073,0032,0004,0005,0008,0009,0560,00e5,000a,000b,000c,00a9,00eb,0466,05c0,0467
!cs:95,1,1,32,0578,00ee,0579,05a8,0073,0032,0004,0005,0008,0009,0560,00e5,000a,000b,000c,00a9,00eb,0466,05c0,05ab,057a,05dc,05d8,05d9,057b,05a9,05dd,05da,05db,057c,05aa,0467
!cs:95,2,2,7,0578,00ee,0579,05a8,0073,0032,0105
!cs:95,3,8,38,0578,00ee,0579,05a8,0073,0032,0004,0005,0008,0009,0560,00e5,000a,000b,000c,00a9,00eb,05c0,0466,0467,00e7,1024,1025,1026,0078,1012,00f7,0007,001f,1004,0070,1013,1008,1016,05de,00f0,00fa,002d
!cs:95,4,9,39,0578,00ee,0579,05a8,0073,0032,0004,0005,0008,0009,0560,00e5,000a,000b,000c,00a9,00eb,05c0,0466,0467,00e7,1024,1025,1026,0078,1012,00f7,0007,001f,1004,0070,1013,1008,1016,05de,00f0,00fa,002d,0019
!cs:95,5,11,39,0578,00ee,0579,05a8,0073,0032,0004,0005,0008,0009,0560,00e5,000a,000b,000c,00a9,00eb,05c0,0466,0467,00e7,1024,1025,1026,0078,1012,00f7,0007,001f,1004,0070,1013,1008,1016,05de,00f0,00fa,002d,00c2
!cs:95,6,12,21,0578,00ee,0579,05a8,0073,0032,0004,0005,0008,0009,0560,00e5,000a,000b,000c,00a9,00eb,05c0,0110,05df,010f
!cs:95,7,14,39,0578,00ee,0579,05a8,0073,0032,0004,0005,0008,0009,0560,00e5,000a,000b,000c,00a9,00eb,05c0,0466,0467,00e7,1024,1025,1026,0078,1012,1006,0007,001f,1004,0070,1013,1008,1016,05de,00f0,00fa,002d,006d
!cs:95,8,15,40,0578,00ee,0579,05a8,0073,0032,0004,0005,0008,0009,0560,00e5,000a,000b,000c,00a9,00eb,05c0,0466,0467,00e7,1024,1025,1026,0078,1012,1006,0007,001f,1004,0070,1013,1008,1016,05de,00f0,00fa,002d,006d,0019
!cs:95,9,16,40,0578,00ee,0579,05a8,0073,0032,0004,0005,0008,0009,0560,00e5,000a,000b,000c,00a9,00eb,05c0,0466,0467,00e7,1024,1025,1026,0078,1012,1006,0007,001f,1004,0070,1013,1008,1016,05de,00f0,00fa,002d,006d,00c2
!cs:95,10,100,46,0578,0579,05a8,0073,0004,0005,0032,0004,0005,0006,0009,0008,0560,00e5,0076,0102,00eb,05c0,000b,000a,000d,00a7,00a9,000c,000e,05dc,05d8,05d9,057b,05a9,05ab,057a,05dd,05da,05db,057c,05aa,0105,00e2,00e3,00fa,002d,00bb,010a,0400,0401
!cs:95,11,101,46,0578,0579,05a8,0073,0004,0005,0402,0403,0404,0405,0406,0407,0408,0409,040a,040b,040c,040d,040e,040f,0440,0441,0442,0443,0444,0445,0446,0447,0460,0461,0462,0463,0464,0465,0466,0467,05de,006e,0078,1012,00f7,0007,001f,1004,0070,1015
!cs:95,12,102,46,0578,0579,05a8,0073,0004,0005,1013,1008,1016,00f9,0108,0109,00f8,0033,0019,00aa,0027,00c2,00ee,00f0,1007,1014,0014,1096,1098,1099,109a,109b,1017,101d,100f,1009,000f,100b,100a,100c,1019,101a,101b,100e,100d,101c,04c0,04c1,04c2,04c3
!cs:95,13,103,46,0578,0579,05a8,0073,0004,0005,04c4,109c,109d,109e,109f,10a1,0034,0036,0029,10a2,10a3,1017,1010,10a0,0410,0411,0412,0413,0414,0415,0416,0417,0418,0419,041a,041b,041c,041d,041e,041f,0448,0449,044a,044b,044c,044d,044e,044f,0468,0469
!cs:95,14,104,45,0578,0579,05a8,0073,0004,0005,046a,046b,046c,046d,046e,046f,10a1,0105,00ed,00ec,0021,00bf,0074,006d,1006,00e4,00fc,00fd,00a6,00cc,00f4,0025,00f5,0026,1024,00e7,1025,1026,1022,1023,0103,0104,1027,1028,1029,102a,010f,0110,05df
timestamp,ip,data
1725572658,67.223.123.158,0e00000000127a398066da262e00000000000000000000005e0000ff780700001a0a00000000000000000000000000000000ffffffffff00000000ffffffffffffffff00000000ffff0000ffffffffffffffffffffffff00051c4300000000000000000000000000000000
1725572707,67.223.123.158,0e00000001127a398066da266102aba453fa6f80630000005e000910780700001a0a00000000000000000000000000000000ffffffffff00000000ffffffffffffffff00000000ffff0000ffffffffffffffffffffffff00051c4700000000000000000000000000000000
